ExperimentID,SystemName,TextNumber,UserID,Event,Timestamp
0_VoiceGaze_207777525_30-05-2021,VoiceGaze,0,207777525,NewExperiment,2021-05-30 10:16:35
0_VoiceGaze_207777525_30-05-2021,VoiceGaze,0,207777525,EndExperiment,2021-05-30 10:21:09
1_VoiceGaze_207777525_30-05-2021,VoiceGaze,1,207777525,NewExperiment,2021-05-30 10:22:19
1_VoiceGaze_207777525_30-05-2021,VoiceGaze,1,207777525,EndExperiment,2021-05-30 10:24:41
2_VoiceGaze_207777525_30-05-2021,VoiceGaze,2,207777525,NewExperiment,2021-05-30 10:25:14
2_VoiceGaze_207777525_30-05-2021,VoiceGaze,2,207777525,EndExperiment,2021-05-30 10:27:39
3_VoiceGaze_207777525_30-05-2021,VoiceGaze,3,207777525,NewExperiment,2021-05-30 10:27:56
3_VoiceGaze_207777525_30-05-2021,VoiceGaze,3,207777525,EndExperiment,2021-05-30 10:29:50
0_VoiceMouse_207777525_30-05-2021,VoiceMouse,0,207777525,NewExperiment,2021-05-30 10:36:09
0_VoiceMouse_207777525_30-05-2021,VoiceMouse,0,207777525,EndExperiment,2021-05-30 10:38:38
1_VoiceMouse_207777525_30-05-2021,VoiceMouse,1,207777525,NewExperiment,2021-05-30 10:39:14
1_VoiceMouse_207777525_30-05-2021,VoiceMouse,1,207777525,EndExperiment,2021-05-30 10:41:24
2_VoiceMouse_207777525_30-05-2021,VoiceMouse,2,207777525,NewExperiment,2021-05-30 10:41:37
2_VoiceMouse_207777525_30-05-2021,VoiceMouse,2,207777525,EndExperiment,2021-05-30 10:44:41
3_VoiceMouse_207777525_30-05-2021,VoiceMouse,3,207777525,NewExperiment,2021-05-30 10:45:01
3_VoiceMouse_207777525_30-05-2021,VoiceMouse,3,207777525,EndExperiment,2021-05-30 10:46:51
