ExperimentID,SystemName,TextNumber,UserID,Event,Timestamp
0_VoiceMouse_313326985_30-05-2021,VoiceMouse,0,313326985,NewExperiment,2021-05-30 17:20:33
0_VoiceMouse_313326985_30-05-2021,VoiceMouse,0,313326985,EndExperiment,2021-05-30 17:24:56
1_VoiceMouse_313326985_30-05-2021,VoiceMouse,1,313326985,NewExperiment,2021-05-30 17:25:45
1_VoiceMouse_313326985_30-05-2021,VoiceMouse,1,313326985,EndExperiment,2021-05-30 17:29:10
2_VoiceMouse_313326985_30-05-2021,VoiceMouse,2,313326985,NewExperiment,2021-05-30 17:29:33
2_VoiceMouse_313326985_30-05-2021,VoiceMouse,2,313326985,EndExperiment,2021-05-30 17:31:50
3_VoiceMouse_313326985_30-05-2021,VoiceMouse,3,313326985,NewExperiment,2021-05-30 17:32:17
3_VoiceMouse_313326985_30-05-2021,VoiceMouse,3,313326985,EndExperiment,2021-05-30 17:34:53
0_VoiceGaze_313326985_30-05-2021,VoiceGaze,0,313326985,NewExperiment,2021-05-30 17:46:16
0_VoiceGaze_313326985_30-05-2021,VoiceGaze,0,313326985,EndExperiment,2021-05-30 17:50:19
1_VoiceGaze_313326985_30-05-2021,VoiceGaze,1,313326985,NewExperiment,2021-05-30 17:50:52
1_VoiceGaze_313326985_30-05-2021,VoiceGaze,1,313326985,EndExperiment,2021-05-30 17:55:01
1_VoiceGaze_313326985_30-05-2021,VoiceGaze,1,313326985,NewExperiment,2021-05-30 17:56:11
1_VoiceGaze_313326985_30-05-2021,VoiceGaze,1,313326985,EndExperiment,2021-05-30 17:58:53
1_VoiceGaze_313326985_30-05-2021,VoiceGaze,1,313326985,NewExperiment,2021-05-30 17:59:49
1_VoiceGaze_313326985_30-05-2021,VoiceGaze,1,313326985,EndExperiment,2021-05-30 18:03:46
2_VoiceGaze_313326985_30-05-2021,VoiceGaze,2,313326985,NewExperiment,2021-05-30 18:04:08
2_VoiceGaze_313326985_30-05-2021,VoiceGaze,2,313326985,EndExperiment,2021-05-30 18:06:55
3_VoiceGaze_313326985_30-05-2021,VoiceGaze,3,313326985,NewExperiment,2021-05-30 18:07:16
3_VoiceGaze_313326985_30-05-2021,VoiceGaze,3,313326985,EndExperiment,2021-05-30 18:11:26
