ExperimentID,SystemName,TextNumber,UserID,Event,Timestamp
0_VoiceGaze_312257116_30-05-2021,VoiceGaze,0,312257116,NewExperiment,2021-05-30 16:13:48
0_VoiceGaze_312257116_30-05-2021,VoiceGaze,0,312257116,EndExperiment,2021-05-30 16:18:58
0_VoiceGaze_312257116_30-05-2021,VoiceGaze,0,312257116,NewExperiment,2021-05-30 16:19:53
0_VoiceGaze_312257116_30-05-2021,VoiceGaze,0,312257116,EndExperiment,2021-05-30 16:21:01
1_VoiceGaze_312257116_30-05-2021,VoiceGaze,1,312257116,NewExperiment,2021-05-30 16:21:42
1_VoiceGaze_312257116_30-05-2021,VoiceGaze,1,312257116,EndExperiment,2021-05-30 16:27:11
2_VoiceGaze_312257116_30-05-2021,VoiceGaze,2,312257116,NewExperiment,2021-05-30 16:27:39
2_VoiceGaze_312257116_30-05-2021,VoiceGaze,2,312257116,EndExperiment,2021-05-30 16:30:42
3_VoiceGaze_312257116_30-05-2021,VoiceGaze,3,312257116,NewExperiment,2021-05-30 16:31:11
3_VoiceGaze_312257116_30-05-2021,VoiceGaze,3,312257116,EndExperiment,2021-05-30 16:35:51
0_VoiceMouse_312257116_30-05-2021,VoiceMouse,0,312257116,NewExperiment,2021-05-30 16:45:22
0_VoiceMouse_312257116_30-05-2021,VoiceMouse,0,312257116,EndExperiment,2021-05-30 16:48:11
1_VoiceMouse_312257116_30-05-2021,VoiceMouse,1,312257116,NewExperiment,2021-05-30 16:48:43
1_VoiceMouse_312257116_30-05-2021,VoiceMouse,1,312257116,EndExperiment,2021-05-30 16:51:10
2_VoiceMouse_312257116_30-05-2021,VoiceMouse,2,312257116,NewExperiment,2021-05-30 16:51:36
2_VoiceMouse_312257116_30-05-2021,VoiceMouse,2,312257116,EndExperiment,2021-05-30 16:53:45
3_VoiceMouse_312257116_30-05-2021,VoiceMouse,3,312257116,NewExperiment,2021-05-30 16:54:17
3_VoiceMouse_312257116_30-05-2021,VoiceMouse,3,312257116,EndExperiment,2021-05-30 16:54:33
1_VoiceMouse_312257116_30-05-2021,VoiceMouse,1,312257116,NewExperiment,2021-05-30 16:55:35
1_VoiceMouse_312257116_30-05-2021,VoiceMouse,1,312257116,EndExperiment,2021-05-30 16:57:39
2_VoiceMouse_312257116_30-05-2021,VoiceMouse,2,312257116,NewExperiment,2021-05-30 16:58:13
2_VoiceMouse_312257116_30-05-2021,VoiceMouse,2,312257116,EndExperiment,2021-05-30 17:00:20
3_VoiceMouse_312257116_30-05-2021,VoiceMouse,3,312257116,NewExperiment,2021-05-30 17:00:40
3_VoiceMouse_312257116_30-05-2021,VoiceMouse,3,312257116,EndExperiment,2021-05-30 17:02:40
